{"Loss/value":6.075146814055188e-07,"Perf/total_fps":697560,"Episode_Reward/smooth_reward":0.9740697145462036,"Episode_Termination/time_out":3.875,"Loss/entropy":-2.6252106189727784,"Train/mean_episode_length":1000,"_runtime":92.906768785,"_step":499,"Loss/surrogate":0.01147905910620466,"Train/mean_reward":48.70374034881592,"Perf/learning_time":0.047241926193237305,"Policy/mean_std":0.017612725496292114,"Loss/learning_rate":0.00038443359375000017,"_timestamp":1.7845245007623854e+09,"_wandb":{"runtime":92},"Perf/collection_time":0.14065861701965332}