{"Loss/q_value":4.880119943618775,"Train/mean_episode_length":1000,"_wandb":{"runtime":392},"Episode_Reward/smooth_reward":0.9559292197227478,"Loss/alpha_temp":0.0007309133070521057,"Loss/actor_grad_norm":0.0020524693827610463,"Perf/total_fps":327233,"_timestamp":1.7845250493278728e+09,"Perf/collection_time":0.6586248874664307,"_step":249,"Loss/critic_grad_norm":0.02898150512482971,"Loss/value":1.2005914151668549,"Perf/learning_time":0.943556547164917,"Loss/target_saturation":0,"Loss/value_prediction_error":0.0015082263387739658,"Loss/alpha_kl":0.000754478620365262,"Loss/surrogate":-3.81581335067749,"_runtime":392.30628389,"Loss/learning_rate":0.001,"Train/mean_reward":47.813397331237795,"Loss/kl":0.0007264446172484895,"Loss/entropy":-0.16536637991666794,"Policy/mean_std":0.21981777250766754,"Episode_Termination/time_out":3.952000141143799}