{"Loss/actor":-4.927724361419678,"_runtime":277.059932717,"Policy/alpha":0.0005003007245250046,"Loss/critic2":7.84849268598009e-06,"Policy/mean_std":0.08579206466674805,"_timestamp":1.7845254052291312e+09,"Loss/learning_rate":0.0003,"Perf/total_fps":54206,"Episode_Termination/time_out":1,"Perf/learning_time":0.07131671905517578,"_step":3388,"Train/mean_episode_length":1000,"Loss/alpha":0.5165012539364398,"_wandb":{"runtime":277},"Loss/critic1":7.792555230423659e-06,"Train/mean_reward":48.39975978851319,"Episode_Reward/smooth_reward":0.9681421518325806,"Perf/collection_time":0.0042455196380615234}