{"Episode_Termination/time_out":1,"_step":499,"Loss/entropy":-1.9942559897899628,"_timestamp":1.7829840658235095e+09,"_wandb":{"runtime":65},"Loss/surrogate":0.003174011968076229,"Episode_Reward/smooth_reward":0.960383415222168,"_runtime":65.997942136,"Train/mean_episode_length":1000,"Loss/learning_rate":7.593750000000004e-05,"Loss/value":3.085774760620552e-05,"Perf/collection_time":0.08354973793029785,"Perf/learning_time":0.05416536331176758,"Policy/mean_std":0.03242134675383568,"Train/mean_reward":48.02077812194824,"Perf/total_fps":29742}