{"Train/mean_episode_length":1000,"Policy/mean_std":0.00042186916107311845,"Episode_Termination/time_out":3.875,"Perf/learning_time":0.04072833061218262,"_runtime":95.72288828800001,"Train/mean_reward":48.58288486480713,"Perf/total_fps":726720,"_timestamp":1.7845255139178805e+09,"_step":499,"Loss/surrogate":0.0908729390022927,"Episode_Reward/smooth_reward":0.9716347455978394,"Loss/learning_rate":3.3750000000000014e-05,"Loss/entropy":-6.3054935216903685,"_wandb":{"runtime":95},"Perf/collection_time":0.1396327018737793,"Loss/value":2.0228533855970455e-06}